{"val_loss": [1.193203100773757, 1.0270107927661045, 0.9037684731382029, 0.8650976585590824, 0.8397546147975924, 0.8217925420614449, 0.8122445088575763, 0.7970610394680706, 0.7810579589268752, 0.7677053847202627, 0.7582351269312381, 0.7511405480693665, 0.7524930398214505, 0.7452696194991558, 0.7483961872343378, 0.7398619077988008, 0.73835406561972, 0.7417160784188057, 0.7332711641689823, 0.7351393177213329, 0.7275910688516333, 0.7285031728982565, 0.7259186928173588, 0.7310929354589845, 0.7182328904990082, 0.7198966928627496, 0.7269862337707157, 0.72438590061411, 0.7174367820137145, 0.7115277802613008, 0.717493284459476, 0.7065920769877313, 0.7120951727235316, 0.7027993686882601, 0.6995486348337397, 0.7044243781418076, 0.7072785211194189, 0.7057958415299256, 0.7028558696340326, 0.7025126130597807], "val_acc": [0.5505637595483928, 0.6369871020899059, 0.6859235203219031, 0.7068464527618714, 0.714576311614726, 0.7205044781761254, 0.7212019090276672, 0.736545391655323, 0.7363710344724568, 0.7422991980027005, 0.7441590143042665, 0.7449145658784144, 0.7442171350684427, 0.7492735088737597, 0.7499709415890291, 0.7500871794799947, 0.750610252674078, 0.7539811698722241, 0.7513076827912141, 0.754678600162569, 0.7559572238915467, 0.7569452500351637, 0.7543880027504172, 0.7553179098619468, 0.7547367207535364, 0.7575845637183459, 0.7520051136877902, 0.7565384176765974, 0.7558991034737884, 0.7562478209572809, 0.7567127739068146, 0.7556666259597682, 0.7561896988074336, 0.7560153430968429, 0.7591537827809689, 0.7592700204987256, 0.759618736596547, 0.7593281400504396, 0.7558409832292389, 0.7569452509012081], "loss": [1.5343365323104616, 1.2585691442997513, 1.1579675678407078, 1.0919288467887132, 1.0546904164886632, 1.0275358683701288, 1.0059396282255053, 0.9908906519704577, 0.9770291944950137, 0.9651858691266643, 0.9555342731907087, 0.9455481619480505, 0.9377489296450446, 0.9310007355869181, 0.9234710641995061, 0.9179301957513598, 0.9116164683923814, 0.9067451780662957, 0.9014636169693426, 0.8966675303826576, 0.8928707773098141, 0.888361919685816, 0.8847099326302129, 0.881463273357593, 0.8771443682015423, 0.8763553043536223, 0.872433169993611, 0.8702087998715461, 0.8655141266785286, 0.862045297584211, 0.8536568150497675, 0.8388304952490132, 0.829384422914319, 0.8237541674538331, 0.8184833423597084, 0.8158568653667337, 0.8105810517152993, 0.8044839790936706, 0.8017262926587633, 0.7972354298320138], "acc": [0.33961697539682817, 0.510728366313639, 0.5653405166732238, 0.5937234648756534, 0.6063391846534417, 0.6175922648042923, 0.630107885393335, 0.6352516894444553, 0.6395365782089659, 0.6433468032358548, 0.6474508676200187, 0.6509898559102916, 0.6548388292494197, 0.6573542234511478, 0.6607479067507104, 0.6626045841264643, 0.6653944436128769, 0.6668281214415042, 0.669120714865068, 0.6708611475223578, 0.6723271158330308, 0.6746552275949946, 0.6757692338846831, 0.6767669965847068, 0.6791273985119213, 0.6782071319540621, 0.6816169605219775, 0.6829182494494754, 0.6853496891141571, 0.6867446191925388, 0.6883591210889517, 0.6957147923377351, 0.6979363473998645, 0.7005324665966882, 0.7031188985745688, 0.704575179444003, 0.7067676732886973, 0.7087438237158095, 0.7106812266538494, 0.7124474915603576]}